,Az,Ae,Kz,Ke,Ca,Ce,Ck,Ge
thompson_grell_mynn,0.837815905749376,1.0,0.8150863633484189,0.2832209228191246,0.6612654320988302,0.07240445828889616,0.4869072711567168,0.9437862146150441
thompson_grell_ysu,0.42394789582972237,0.4674941561972736,0.5914383840477303,0.0,0.8645968160120481,0.07106924414174833,0.0,0.37115847371950467
thompson_tiedtke_mynn,1.0,0.48500622738863924,0.19216941483760938,0.9372741608682655,0.03892803221599347,1.0,0.7557107096514338,0.8759383068996808
thompson_tiedtke_ysu,0.6925459940663895,0.7674648741504384,0.0,0.6322877240334817,0.18415202096486666,0.9291030242210135,0.27725971776105696,1.0
wsm6_grell_mynn,0.0,0.3154347625069681,1.0,0.41204753132936806,1.0,0.0,1.0,0.07228472310721808
wsm6_grell_ysu,0.23098571196751497,0.0,0.6877897784182353,0.10988239688138712,0.8392137398571088,0.056857237416994624,0.4740765433067956,0.8782214421575427
wsm6_tiedtke_mynn,0.2761740940091417,0.27524595137387287,0.21830022454825265,1.0,0.0,0.7836678714952513,0.37086887614229425,0.0
wsm6_tiedtke_ysu,0.09344881262467505,0.8439595954260882,0.011211872889275486,0.7857634611828895,0.029663275085933208,0.8541629268583112,0.38146500503195,0.8141254933936736
