,Az,Ae,Kz,Ke,Ca,Ce,Ck,Ge
thompson-grell,0.849516814002574,1.0,0.8150863633484189,0.28550312677894085,0.6680686873922229,0.07240445828889616,0.590829708905946,0.9761812902568807
thompson-ntiedtke-mynn,1.0,0.5380162750876566,0.19216941483760938,0.9374738781354216,0.05823051437088726,1.0,0.8051893655393959,0.9474330106403532
thompson-ntiedtke-ysu,0.7147275226073334,0.7914004997221374,0.0,0.6334585093409775,0.20053777727065358,0.9291030242210135,0.4236444310255824,1.0
thompson-tiedtke-ysu,0.10744632674951823,0.27479638525363054,0.16725820829305446,0.2138318274573363,0.27586581998082876,0.6985888742031461,0.0,0.9187877101580991
wsm6-grell,0.07214584332244355,0.3858993735809743,1.0,0.413919555074064,1.0,0.0,1.0,0.6069117076310553
wsm6-ntiedtke-mynn,0.3283951244154839,0.3498473324603194,0.21830022454825265,1.0,0.02008432542195621,0.7836678714952513,0.49829387435382555,0.5762834760191463
wsm6-ntiedtke-ysu,0.1588527125528304,0.860021361081028,0.011211872889275486,0.7864455841588401,0.04915183363798253,0.8541629268583112,0.5067438501545444,0.9212419001641111
wsm6-tiedtke-mynn,0.09279362037973178,0.11268799721692598,0.29743272367322127,0.47735922176315654,0.3051406413164251,0.3125222288096168,0.029880450161029307,0.0
wsm6-tiedtke-ysu,0.0,0.0,0.06416043670307524,0.0,0.0,0.3088159491788711,0.03470549298632816,0.21832112588298264
