,distance,minimum presure
thompson_ntiedtke,0.24818762338130854,0.3043382514864567
thompson_tiedtke,0.0,0.0
wsm6_ntiedtke,1.0,0.23928209645452544
