,mean_dist,std
wsm6_ntiedtke,141.62010201479717,64.94946320727963
thompson_ntiedtke,113.99755335622113,58.55317226380629
thompson_tiedtke,104.8788225178971,78.8839505709262
