,mean_dist,std
wsm6_ntiedtke,166.95283264591163,62.23702601796671
thompson_ntiedtke,151.1519157943281,58.66234689067914
thompson_tiedtke,134.99761135640193,95.6648196517815
