,distance,minimum presure
thompson_ntiedtke,0.5055294185438582,0.3003380626204276
thompson_tiedtke,0.0,0.0
wsm6_ntiedtke,1.0,0.22868263265784908
