,distance,minimum presure
ERA5,0.0,1.0
thompson_ntiedtke,0.9488945498072777,0.319515467197612
thompson_tiedtke,0.3671430949735439,0.0
wsm6_ntiedtke,1.0,0.20396659570770492
